2212,"{u'review': u'はまる❗__, u'id': u'980865528', u'name': {u'label': u'脱出ゲーム_怪盗ルニャン3世_}}",11816,"{u'review': u'_です_', u'id': u'970817084', u'name': {u'label': u'ローグライクRPG ブレイブリーゲー_}}",12112,"{u'review': u'ほんとにかわ__っかり__, u'id': u'880465121', u'name': {u'label': u'ぴたトーク-無料_会いアプリの定番__}}",1735,"{u'review': u'曲付き_の再リリースお願い_します_本気で本気でお願い_しま_!

ガチです_, u'id': u'724594093', u'name': {u'label': u'LINE_ディズニ_ __'}}",1651,"{u'review': u'⭐️⭐️⭐️⭐️⭐️⭐️⭐️⭐️⭐️⭐️⭐️⭐_招待Ｉ_→qwMr
⭐️⭐️⭐️⭐️⭐️⭐️⭐️⭐️⭐️⭐️⭐️⭐_
原作が好きでインスト_ルしましたが、思って_より遊べます_
通常戦闘_戦略シミュレーション_シス_で、別ゲームになりますがスパロボとか得意な方には簡単かもしれな_す_強敵相手でも駒_進め方で案外なんとかなったりするので新参_方にも優しい(*^^*)
内政で城を育てたり他国に侵攻するのもキングダムならではの遊_方で面白__ ^ω^ )

でも一番楽しいのは、自__好きなキャラでパ__を__ことです___今_は桓_ろくおみfeat.山の民で殺りた_題パー_を__のが目標ですww

上_招待Ｉ_を入力すれ_王賁が貰えます！⭐_で序盤はかなり頼もし_ャラなので、是非ゲ_して下さ___≧___, u'id': u'931854667', u'name': {u'label': u'キングダム -英__系_'}}",11695,"{u'review': u'BXFWYTXZ9A
仲間募_, u'id': u'958048961', u'name': {u'label': u'はらぺこ勇者と星_女神　-パズルRPG-'}}",0781,"{u'review': u'素晴らし_, u'id': u'724594093', u'name': {u'label': u'LINE_ディズニ_ __'}}",12252,"{u'review': u'_ね', u'id': u'980865528', u'name': {u'label': u'脱出ゲーム_怪盗ルニャン3世_}}",13086,"{u'review': u'毎日チェ_して_す_とても_宝して_す_, u'id': u'447339142', u'name': {u'label': u'プリ画_- 壁紙_待受も探せる無料画像コミュニティ'}}",1229,"{u'review': u'どれも安_て買える__, u'id': u'563764220', u'name': {u'label': u'ハンドメイド_ーケ_ - minne_ミンネ_}}",11247,"{u'review': u'♪( ´▽_)', u'id': u'904209370', u'name': {u'label': u'B612 - こころで撮る自撮_}}",0449,"{u'review': u'マックでクーポンを使おうとしたらその時間がお昼で混んでた時間だったせ_
サーバ_が混んでて繋がりませんでした。繋がらず強制終_もなりました。結局は待たせるわけにもいかな__で使えませんでした。改_て下さ__, u'id': u'413618155', u'name': {u'label': u'McDonald's Japan'}}",11191,"{u'review': u'特に不満ありません。_品物によってはヤフオクを越えるサービスかと思って_す_, u'id': u'667861049', u'name': {u'label': u'フリマアプリ-メルカリ フリマでかんたんショ_ング'}}",1217,"{u'review': u'大人からベビー服まで好みの物ばかりで__購入しました。作りもしっかりして_ので重宝しそうです_ただ、ネ_での掲載_真_色合いと実物は、白系とクリーム系は見_けが付きにくいです。このことは作者もコメントに残して_すが、実際、イメージして_色はだ__違いました。それだけ注意_, u'id': u'563764220', u'name': {u'label': u'ハンドメイド_ーケ_ - minne_ミンネ_}}",12211,"{u'review': u'_, u'id': u'980865528', u'name': {u'label': u'脱出ゲーム_怪盗ルニャン3世_}}",01207,"{u'review': u'画像_見やすいし、購入しやすかったです_, u'id': u'667861049', u'name': {u'label': u'フリマアプリ-メルカリ フリマでかんたんショ_ング'}}",11134,"{u'review': u'イラストもキレイでとっても楽しいです_, u'id': u'969936575', u'name': {u'label': u'オルタンシア・サーガ -蒼の騎士団-'}}",12348,"{u'review': u'Nice', u'id': u'443354861', u'name': {u'label': u'カメラ360-Camera360 Ultimate'}}",12209,"{u'review': u'くだらな__てみる_, u'id': u'980865528', u'name': {u'label': u'脱出ゲーム_怪盗ルニャン3世_}}",1615,"{u'review': u'容量ある_にすぐ落ちるし、フリーズ当たり前だし、最近_動画の途中で音声だけがはじめからになったり、映像とかも最初からになったりが多かったって_かいつもなるからも_ンインスト_ルする', u'id': u'544007664', u'name': {u'label': u'YouTube'}}",13180,"{u'review': u'とても簡単_, u'id': u'964220645', u'name': {u'label': u'モザイク　ぼかし & モザイク加工アプリ'}}",12383,"{u'review': u'ドリンクバ_のクーポンが、ガスト_おトクーポンよりお得です。チェ_インをしたりTwittすると貰えるポイントで、ドリンクバ_が無料になることもあります。使用価値はそれだけです。他に価値はありません_, u'id': u'906930478', u'name': {u'label': u'ガストアプリ　お得なクーポンが使える無料アプリ'}}",11587,"{u'review': u'超使_くい。いらな__, u'id': u'516561342', u'name': {u'label': u'aillis (旧LINE camera)'}}",12625,"{u'review': u'(_`_ω･´_)', u'id': u'905173595', u'name': {u'label': u'_しみる育成ゲーム「昭和_子屋物語_}}",02676,"{u'review': u'_んなゲームに対応してて、攻略見てからアプリ起動できてすごく便利です_, u'id': u'949244365', u'name': {u'label': u'ゲーム攻略まとめアプリ_ぷ速_}}",1350,"{u'review': u'59M77GJ
使ってください
お_かいします_, u'id': u'858357080', u'name': {u'label': u'消滅__}}",03125,"{u'review': u'なかな_, u'id': u'869231055', u'name': {u'label': u'Angry Birds Transformers'}}",12037,"{u'review': u'とっても楽しいし、空_時間_動時間にも簡単にできるので、とってもい_す_私_、タ_するときに、タ__音が欲しかったです_あと、皆さんが言ってるよ_、ランキングがあるともっと楽しめるかなと思いました♪', u'id': u'491903216', u'name': {u'label': u'反_経測_}}",1432,"{u'review': u'無料です_で_んでみては_がですか〜_ワール_7で待ってま__▽_)

コード_735447
これを入れたらい_とあります_でど_ー_:._. o(≧▽≦)o ._.:*_, u'id': u'477396335', u'name': {u'label': u'ロードオブナイ_街育成_戦略　無料シミュレーションRPGゲームアプリ_}}",1718,"{u'review': u'最高す_*☻-☻*)', u'id': u'952578897', u'name': {u'label': u'LOL Movie__顔＋声を変えち___}}",1357,"{u'review': u'BGMと声優がとっても良くて、楽しいです_招待コードS836JLWです_使ってください__, u'id': u'858357080', u'name': {u'label': u'消滅__}}",11944,"{u'review': u'段々難易度が上がってきたけどヒントもあるので嬉しかったです_, u'id': u'990189198', u'name': {u'label': u'脱出ゲーム　シン_ラ　閉じ込められた家からの脱出'}}",1487,"{u'review': u'ロードが長すぎ_, u'id': u'413618155', u'name': {u'label': u'McDonald's Japan'}}",1779,"{u'review': u'何回_ても_な_確立UP_, u'id': u'724594093', u'name': {u'label': u'LINE_ディズニ_ __'}}",12111,"{u'review': u'wcuigt', u'id': u'880465121', u'name': {u'label': u'ぴたトーク-無料_会いアプリの定番__}}",02235,"{u'review': u'楽しい', u'id': u'980865528', u'name': {u'label': u'脱出ゲーム_怪盗ルニャン3世_}}",1283,"{u'review': u'_, u'id': u'888615473', u'name': {u'label': u'LINE ポコポコ'}}",11920,"{u'review': u'ヒント_、おかげでクリアできました', u'id': u'990189198', u'name': {u'label': u'脱出ゲーム　シン_ラ　閉じ込められた家からの脱出'}}",1120,"{u'review': u'ええ__あ_____, u'id': u'952608759', u'name': {u'label': u'モンスターギア'}}",1752,"{u'review': u'ビンゴカード_10枚目と11枚目、終わってしま_した。ビンゴカードが簡単すぎるので、ビンゴカード_数を増やしてもら_ありがた_す_, u'id': u'724594093', u'name': {u'label': u'LINE_ディズニ_ __'}}",12074,"{u'review': u'使_すいし_も気にならな_スタイリ_ュ_バックグラウンド_生_来れ_もっと_けど文句な_プリです_, u'id': u'437758919', u'name': {u'label': u'Clipbox'}}",12071,"{u'review': u'クリ__ができません
つ_の間_できてた_に_困ってま_, u'id': u'437758919', u'name': {u'label': u'Clipbox'}}",1406,"{u'review': u'00ba50使って下さ_, u'id': u'477396335', u'name': {u'label': u'ロードオブナイ_街育成_戦略　無料シミュレーションRPGゲームアプリ_}}",12140,"{u'review': u'すご__じ！使_すい_最高_よけれ_これ使ってください。dyvhce', u'id': u'880465121', u'name': {u'label': u'ぴたトーク-無料_会いアプリの定番__}}",13000,"{u'review': u'コメント取得できな_早_, u'id': u'307764057', u'name': {u'label': u'niconico'}}",1655,"{u'review': u'キングダム好きにはたまらな_す_よかったら、招待コー_qkTL お願いします_, u'id': u'931854667', u'name': {u'label': u'キングダム -英__系_'}}",12314,"{u'review': u'めち____, u'id': u'443354861', u'name': {u'label': u'カメラ360-Camera360 Ultimate'}}",11834,"{u'review': u'_ね', u'id': u'970817084', u'name': {u'label': u'ローグライクRPG ブレイブリーゲー_}}",11076,"{u'review': u'28B0D0C162', u'id': u'919478091', u'name': {u'label': u'_00作全巻無料_ハ_トコミックス'}}",1869,"{u'review': u'iPhoneの_らある___アプリより全然使_すいし__時刻表から値段まで出てくるのはすご_利です！このアプリのおかげで一人で横須賀に行くことも_来ました__, u'id': u'585027354', u'name': {u'label': u'Google Maps'}}",11331,"{u'review': u'難しいけど解_後_達_感がたまらな__, u'id': u'909566506', u'name': {u'label': u'Q.'}}",12130,"{u'review': u'ポイント制さえなければ_xdaaer', u'id': u'880465121', u'name': {u'label': u'ぴたトーク-無料_会いアプリの定番__}}",12129,"{u'review': u'コイン関係なしにしたほ_よい。メリ_がな__klqscw招待コードよろしく_, u'id': u'880465121', u'name': {u'label': u'ぴたトーク-無料_会いアプリの定番__}}",1824,"{u'review': u'なんかさ、い_ねすんばらし_, u'id': u'959454698', u'name': {u'label': u'無料で聴ける音楽アプリ_SoundMusic_サウンドミュージ___for Youtube'}}",12847,"{u'review': u'最高でー_, u'id': u'980197134', u'name': {u'label': u'Musify - 無料音楽StreamerとMP3プレイヤー。アプリ無料ダウンロー_'}}",12539,"{u'review': u'カ__ケーキの補充したくな__に押してしま_無_宝石を使ってしま__レイ中は補充しな__して欲しい_, u'id': u'714796093', u'name': {u'label': u'ク_ングフィーバ_'}}",1388,"{u'review': u'_始めたけどおもしろ_す__絵も好きですしハ_ってます_(　　_‾ω‾ )_

4MW555G

↑_リセマラ_規さんコードよかったら使ってください__ガチャが引けるフクザワって言__がもらえますよ_( *__)۶', u'id': u'858357080', u'name': {u'label': u'消滅__}}",11548,"{u'review': u'以前_ような不具合がまた起きて_す。改_願いします_, u'id': u'956081467', u'name': {u'label': u'MixerBox 無料音楽 MP3 プレイヤー musicbox'}}",12752,"{u'review': u'さぐりさぐりだがソコソコ楽しめてま_良かったら使って下さ_CSRNZA7JX', u'id': u'895687962', u'name': {u'label': u'白猫プロジェク_}}",12019,"{u'review': u'0.002_た！まぐれ_ _, u'id': u'491903216', u'name': {u'label': u'反_経測_}}",11781,"{u'review': u'とても良_も❤__, u'id': u'983904653', u'name': {u'label': u'Tuber - Youtube動画をバ_グラウンド_生できるアプリ'}}",11982,"{u'review': u'神アプリ__, u'id': u'721512660', u'name': {u'label': u'【無料_ンガ】comico/毎日新作漫画が読み放題_コミコ'}}",11297,"{u'review': u'立ち上げようとすると全く立ち上がらなくなりました__, u'id': u'454638411', u'name': {u'label': u'Messenger'}}",11662,"{u'review': u'使用頻度の高い良アプリ_移動_際や終電検索に毎日のようにお世話になってます_, u'id': u'291676451', u'name': {u'label': u'Yahoo!乗換案_'}}",11092,"{u'review': u'操作が簡単で使_すいです_, u'id': u'585561686', u'name': {u'label': u'QRコードリーダー for iPhone'}}",12230,"{u'review': u'さいこう__, u'id': u'980865528', u'name': {u'label': u'脱出ゲーム_怪盗ルニャン3世_}}",13069,"{u'review': u'これ最高で_๐•ω•_♡', u'id': u'447339142', u'name': {u'label': u'プリ画_- 壁紙_待受も探せる無料画像コミュニティ'}}",11482,"{u'review': u'上下左右の_を小さくすると上手く_来ます◡̈_
初期メニュー以外_課金が必要みたいなので、そこがち_と…😥', u'id': u'987360477', u'name': {u'label': u'ク_ングマ_ お料_ましょ__}}",12928,"{u'review': u'_感じ_, u'id': u'472143590', u'name': {u'label': u'DECOPIC-かわ_写真加工&おし_フォントで簡単デコ!無料_可愛いスタンプ_フレーム・フィルター・文字入れでかんたん画像編_}}",11578,"{u'review': u'昔_写真が加工できず、最近_写真しか加工することが_来なくなってます_昔_写真も加工出来るよ_して下さ__, u'id': u'516561342', u'name': {u'label': u'aillis (旧LINE camera)'}}",11341,"{u'review': u'地味に面白_, u'id': u'909566506', u'name': {u'label': u'Q.'}}",12812,"{u'review': u'使_すいアプリだと思います。あとは、文字_大きさがチョイスできたらい_思います。老眼が始まった目には、文字が小さすぎます…_, u'id': u'407906756', u'name': {u'label': u'Yahoo!ニュース / Yahoo! JAPAN公式無料ニュースアプリ'}}",1663,"{u'review': u'良かった使ってください(*_*)
【qhqJ_, u'id': u'931854667', u'name': {u'label': u'キングダム -英__系_'}}",03059,"{u'review': u'LINEとか_画像探すな_これ_よ_, u'id': u'447339142', u'name': {u'label': u'プリ画_- 壁紙_待受も探せる無料画像コミュニティ'}}",11757,"{u'review': u'癒し', u'id': u'923917775', u'name': {u'label': u'-ねこあつ_'}}",1353,"{u'review': u'楽しくて絵もい__, u'id': u'858357080', u'name': {u'label': u'消滅__}}",11276,"{u'review': u'使_手い_す_ー_ストレスが全然な_、いろんな人との交流も一気に増えましたー__, u'id': u'454638411', u'name': {u'label': u'Messenger'}}",16,"{u'review': u'_ら履歴消しても画像処__軽くならな_、コメント送る時とか画像開_時に数_リーズする

そ_他_通知は_な_す。わざわざ表示する必要な__
嫌がらせですか__, u'id': u'443904275', u'name': {u'label': u'LINE'}}",11739,"{u'review': u'癒されます。いぬあつめとかあったら_なー。あとグ_とねこも__増えな_な_, u'id': u'923917775', u'name': {u'label': u'-ねこあつ_'}}",1142,"{u'review': u'モンハンみたいで_ㆁ௰_
良ければ招待コード使ってください__140243813です♪', u'id': u'952608759', u'name': {u'label': u'モンスターギア'}}",1770,"{u'review': u'エルサとマレフィセントが欲しい
曲付き__, u'id': u'724594093', u'name': {u'label': u'LINE_ディズニ_ __'}}",1709,"{u'review': u'強制終_す_, u'id': u'952578897', u'name': {u'label': u'LOL Movie__顔＋声を変えち___}}",11049,"{u'review': u'タイトルのIDを友達紹介で入れると漫画が読めるハ_トがもらえます。一冊ぐらい読めます_, u'id': u'919478091', u'name': {u'label': u'_00作全巻無料_ハ_トコミックス'}}",12847,"{u'review': u'最高でー_, u'id': u'980197134', u'name': {u'label': u'Musify - 無料音楽StreamerとMP3プレイヤー。アプリ無料ダウンロー_'}}",1320,"{u'review': u'とっても面白_, u'id': u'953790507', u'name': {u'label': u'城とドラゴン'}}",1913,"{u'review': u'this app is just amazing ! 
go follow me @dave.k_official', u'id': u'389801252', u'name': {u'label': u'Instagram'}}",11261,"{u'review': u'6秒がマックスだからもっとたくさん動画を撮れるようにして欲しい_
ア__機_もほしい_, u'id': u'904209370', u'name': {u'label': u'B612 - こころで撮る自撮_}}",1316,"{u'review': u'最高___, u'id': u'953790507', u'name': {u'label': u'城とドラゴン'}}",11110,"{u'review': u'まぁこんなモンだろ_, u'id': u'585561686', u'name': {u'label': u'QRコードリーダー for iPhone'}}",12476,"{u'review': u'た_', u'id': u'509993510', u'name': {u'label': u'Sing! カラオケ'}}",02953,"{u'review': u'_も、参_してます_, u'id': u'933166032', u'name': {u'label': u'No.1女性向けトレンド情報-TRILL(トリル)-'}}",12357,"{u'review': u'Love the Naruto gacha toy....
Can't wait for Misuji steak....simply delicious', u'id': u'906930478', u'name': {u'label': u'ガストアプリ　お得なクーポンが使える無料アプリ'}}",1596,"{u'review': u'動画見てたら
なぜか音声だけ_進んで
映像だけが戻ってしま_ですが…_
楽しく動画見れません_僕だけなのかな__, u'id': u'544007664', u'name': {u'label': u'YouTube'}}",11443,"{u'review': u'_けどかな入力だけじ_くてローマ字打ちのも欲しいなー', u'id': u'899997582', u'name': {u'label': u'Simeji - 日本語文字入力_文字キーボ__}}",1976,"{u'review': u'アクセシビリ_って機_がありますよ_ネットでエロを見てるだけではもったいな_www', u'id': u'490217893', u'name': {u'label': u'iTunes U'}}",11019,"{u'review': u'これと_て問題なく使えます_, u'id': u'284882215', u'name': {u'label': u'Facebook'}}",11057,"{u'review': u'9169A80B9C自__IDです。よろしくお願いします_, u'id': u'919478091', u'name': {u'label': u'_00作全巻無料_ハ_トコミックス'}}",01939,"{u'review': u'難易度としてはち_ど良かったけど_のスペルはSじゃなくてTから始まると思う。イージーミスさえなければ、それなりに楽しめたゲームでした', u'id': u'990189198', u'name': {u'label': u'脱出ゲーム　シン_ラ　閉じ込められた家からの脱出'}}",11767,"{u'review': u'_ね、いろんなとこで使える', u'id': u'983904653', u'name': {u'label': u'Tuber - Youtube動画をバ_グラウンド_生できるアプリ'}}",1379,"{u'review': u'はじめました_中々面白そうです_フクザワもらえます。良かったらど__RSQW2RX', u'id': u'858357080', u'name': {u'label': u'消滅__}}",1